id,Nombre,Genero,Anio
1,"Ace in the Hole (Big Carnival, The)",Drama,1996
2,New Best Friend,Drama|Thriller,1994
3,Vuonna 85,Comedy,2001
4,Russia's Toughest Prisons (National Geographic),Documentary,2012
5,Animal House,Comedy,2001
6,Space Odyssey: Voyage to the Planets,Documentary|Drama|Sci-Fi,2007
7,"Legend of Sleepy Hollow, The",Animation|Comedy|Horror|Musical,2007
8,Naked,Comedy,2005
9,Better Things,Drama,2007
10,Johnny in the Clouds,Drama|Romance|War,2000
11,Mother of George,Drama,2006
12,"Bleeding, The",Action|Horror,2000
13,Emerald Cowboy,Documentary|Drama,1999
14,Sharpe's Gold,Action|Adventure|War,1992
15,My Foolish Heart,Drama,1999
16,"Legend of the Lone Ranger, The",Western,1996
17,"Thin Man Goes Home, The",Comedy|Crime|Mystery,1993
18,Strawberries in the Supermarket (Jagoda u supermarketu) ,Action|Adventure|Comedy,2011
19,2LDK,Drama|Horror|Thriller,2012
20,Boys (Drenge),Drama,1993
21,Teenagers from Outer Space,Horror|Sci-Fi,1995
22,Palme,Documentary,2010
23,Bernie,Comedy|Drama,1996
24,Yossi (Ha-Sippur Shel Yossi),Drama|Romance,1995
25,Avalanche,Action,1987
26,"Misfortunates, The (De helaasheid der dingen)",Drama,1992
27,"Keeper, The",Crime|Drama|Thriller,2006
28,The Russian Novel,Drama,2001
29,"Very Potter Musical, A",Comedy|Musical,1999
30,5 Days of War,Action|Drama|War,2005
31,Pulp,Comedy|Thriller,2001
32,"Sugarland Express, The",Drama,2009
33,"Beastmaster, The",Action|Adventure|Fantasy,2012
34,"Holy Girl, The (Niña santa, La)",Drama,1993
35,Ewoks: The Battle for Endor,Adventure|Children|Fantasy|Sci-Fi,2001
36,House of Dark Shadows,Drama|Horror|Romance,1996
37,"Signos del zodiaco, Los",Drama,2007
38,"Unreal Dream: The Michael Morton Story, An",Documentary,2012
39,Métisse (Café au Lait),Comedy|Drama,2009
40,Bridegroom,Documentary,1993
41,Semper Fi,Action|Drama,1997
42,"Truman Show, The",Comedy|Drama|Sci-Fi,1966
43,"Graduate, The",Comedy|Drama|Romance,2008
44,Raze,Action|Horror,1997
45,"Pier, The (Jetée, La)",Romance|Sci-Fi,1998
46,Ganes,Drama|Musical,2003
47,Albino Farm,Horror,2002
48,"Laterna, ftoheia kai garyfallo",Comedy|Drama|Romance,1992
49,Kwaidan (Kaidan),Horror,2002
50,Berlin: Symphony of a Great City (Berlin: Die Sinfonie der Großstadt),Documentary,1994
51,Lifeforce,Horror|Sci-Fi,2006
52,Thelma & Louise,Adventure|Crime|Drama,2009
53,Dying at Grace,Documentary,2007
54,One Little Indian,Comedy|Western,2007
55,"Horse in the Gray Flannel Suit, The",Children|Comedy,1993
56,Hollidaysburg,Comedy,2005
57,Journey Into Fear,Drama|Film-Noir|War,2001
58,P.U.N.K.S,Children|Comedy|Sci-Fi,2010
59,Project X,Comedy,2009
60,Harlan: In the Shadow of Jew Suess (Harlan - Im Schatten von Jud Süss),Documentary,1996
61,"Fine, Totally Fine (Zenzen Daijobu)",Comedy,2010
62,Julius Caesar,Drama,1988
63,Aces: Iron Eagle III,Action,2008
64,Aks,Thriller,1996
65,Sergeant Körmy and the Underwater Vehicles (Vääpeli Körmy ja vetenalaiset vehkeet),Comedy,1994
66,"Theatre Bizarre, The",Horror,2005
67,White House Down,Action|Drama|Thriller|IMAX,2012
68,"Debut, The",Comedy|Drama,2001
69,Paris,Documentary,1992
70,Betsy's Wedding,Comedy,1997
71,Intruders,Horror|Thriller,2007
72,Black Moon Rising,Action|Crime|Sci-Fi|Thriller,1996
73,Sonny,Crime|Drama,1986
74,Three Way,Crime|Drama|Thriller,1987
75,Eagle vs Shark,Comedy,2005
76,"Last Days, The",Documentary,2011
77,Will,Children|Drama,2009
78,Candy,Comedy,1998
79,"Homem Que Desafiou o Diabo, O",Comedy,1996
80,Cherry,Comedy|Drama,1973
81,Fun,Crime|Drama,1995
82,"Squall, The",Drama,1999
83,"Sex, Lies, and Videotape",Drama,1993
84,"Work of Director Michel Gondry, The",Comedy|Documentary,2013
85,Annie Hall,Comedy|Romance,2008
86,The Old Gun,Drama|Thriller|War,2000
87,Two-Lane Blacktop,Drama,2008
88,Troll,Comedy|Fantasy|Horror,1998
89,Carla's Song,Drama|Romance|War,2001
90,Stay,Drama,1985
91,"Island at the Top of the World, The",Action|Adventure|Children,1996
92,"Trip to Italy, The",Comedy|Drama,2006
93,3 Strikes,Comedy,2001
94,Penelope,Comedy|Fantasy|Romance,2010
95,Red Cliff Part II (Chi Bi Xia: Jue Zhan Tian Xia),Action|Drama|War,2003
96,Firelight,Drama,1990
97,"One, Two, Three",Comedy,1987
98,"Early Years: Erik Nietzsche Part 1, The (De unge år: Erik Nietzsche)",Comedy|Drama,2009
99,The Last Train through Harecastle Tunnel,Drama,2012
100,Creep,Horror|Thriller,1984
101,Burn Up!,Action|Animation,1996
102,Kung Fu Panda,Action|Animation|Children|Comedy|IMAX,1990
103,My Man and I,Drama,2011
104,"First Love, Last Rites",Drama|Romance,1996
105,Captive (Cautiva) ,Drama,2007
106,Simon & the Oaks,Drama,2005
107,"Watcher in the Woods, The",Children|Horror|Mystery|Thriller,2011
108,Can't Help Singing,Musical|Western,2010
109,"Conspiracy, The",Horror|Thriller,2010
110,The Spectacular Now,Comedy|Drama|Romance,2005
111,Archangel,Comedy,2007
112,7 Faces of Dr. Lao,Fantasy|Mystery|Western,1993
113,Nothing to Lose,Action|Crime|Drama,2010
114,Ocean Waves (Umi ga kikoeru),Animation|Drama|Romance,2002
115,Butter,Comedy,2010
116,"Mangler, The",Horror,1987
117,Senseless,Comedy,2009
118,From One Second to the Next,Documentary,2009
119,Streets of Laredo,Drama|Western,1998
120,Loose Cannons (Mine vaganti),Comedy|Drama,2009
121,Up!,Comedy,2006
122,Cluny Brown,Comedy|Romance,2004
123,"Color of Pomegranates, The (Sayat Nova)",Drama,1997
124,Daughter from Danang,Documentary|War,2002
125,"Princess Diaries, The",Children|Comedy|Romance,1986
126,Kicking and Screaming,Comedy|Drama,1994
127,"Brief Vacation, A (breve vacanza, Una)",Drama|Romance,2011
128,"Whistleblower, The",Drama|Thriller,2009
129,Syndromes and a Century (Sang sattawat),Drama,1997
130,Broken Kingdom,Drama,2007
131,Take Me Home Tonight,Comedy|Drama,2005
132,Joe,Drama,2005
133,Beauty Prize,Drama,2011
134,Alpha and Omega 3: The Great Wolf Games,Action|Adventure|Animation|Children|Comedy,1989
135,Aftershock,Horror|Thriller,2005
136,The Adventure of Faustus Bidgood,Comedy,2012
137,Rashomon (Rashômon),Crime|Drama|Mystery,2005
138,Twilight Zone: The Movie,Fantasy|Horror|Sci-Fi|Thriller,2013
139,"Fireman, The",Comedy,1997
140,Amongst Friends,Crime|Drama,1991
141,Lola (Twinky) (London Affair),Comedy|Drama|Romance,2003
142,Steel Toes,Crime|Drama,2011
143,"Tale of Two Cities, A",Drama,1991
144,Autopsy (Macchie Solari),Horror,1995
145,"Actress, the Dollars and the Transylvanians, The (Artista, dolarii si Ardelenii)",Western,1992
146,"Rimini, Rimini: A Year Later",Comedy,2010
147,Valley Girl,Comedy|Romance,1997
148,Evidence of Blood,Crime|Drama|Mystery|Thriller,2010
149,Trouble Every Day,Drama|Horror|Thriller,2000
150,"Amateur, The",Crime|Thriller,2003
151,Alibi,Crime|Drama,1963
152,"Good Morning, Vietnam",Comedy|Drama|War,1996
153,Little Women,Drama,1994
154,Unknown Pleasures (Ren xiao yao),Comedy|Drama,2007
155,Nobody Knows Anything!,Comedy,2002
156,"Benchwarmers, The",Comedy,2002
157,Bananas!*,Crime|Documentary|Drama,1992
158,Envy,Comedy,2008
159,Faces,Drama,1992
160,Erendira,Drama,2002
161,The Seventh Sin,Drama,1997
162,Light the Fuse... Sartana Is Coming,Western,2002
163,Mr. Belvedere Goes to College,Comedy,2006
164,Escanaba in da Moonlight,Comedy,2008
165,Enter the Void,Drama,1999
166,Jim Thorpe -- All-American,Drama,2009
167,"Castle, The",Comedy,2012
168,Caught Inside,Action|Adventure|Horror|Thriller,2009
169,"Lost Patrol, The",Adventure|Drama|War,2013
170,Slither,Comedy|Crime|Thriller,2007
171,Boyfriends and Girlfriends (a.k.a. My Girlfriend's Boyfriend) (L'ami de mon amie),Comedy,2001
172,Creature from the Haunted Sea,Comedy|Horror,1998
173,Kedma,Drama|War,2002
174,Swamp Women,Adventure|Crime|Horror,2001
175,Freedom Downtime,Adventure|Crime|Documentary,2004
176,"Gingerbread Man, The",Drama|Thriller,2003
177,"She Does Not Drink, Smoke or Flirt But... She Talks",Comedy,1993
178,Entre nos (Between Us),Drama,1997
179,Bride Wars,Comedy|Romance,2006
180,Lilies of the Field,Drama,1996
181,Twogether,Comedy|Drama,2013
182,Weirdsville,Comedy|Crime|Drama,2006
183,Raja,Drama,1999
184,Tinseltown,Comedy|Crime|Drama,2002
185,"Scalphunters, The",Comedy|Western,2011
186,Staying Alive,Comedy|Drama|Musical,2007
187,"Poker Club, The",Crime|Drama|Thriller,2011
188,"Secret of NIMH 2: Timmy to the Rescue, The",Adventure|Animation|Children|Musical,1997
189,"Pink Panther, The",Comedy|Crime,1993
190,Noriko's Dinner Table (Noriko no shokutaku),Drama|Horror,2005
191,Starting Out in the Evening,Drama,2001
192,Doctor X,Horror|Thriller,2002
193,In the Heart of the Sea,Action|Adventure|Drama,2011
194,Man of Iron (Czlowiek z Zelaza),Drama|Romance,2006
195,Bending the Rules,Action|Drama,2012
196,Scorpio,Action|Drama|Thriller,2010
197,Never Give a Sucker an Even Break,Comedy|Musical,2012
198,"Black Cat, The",Adventure|Crime|Horror|Thriller,1986
199,Man-Thing,Action|Horror|Sci-Fi,2002
200,Marie from the Bay of Angels (Marie Baie Des Anges),Drama,2008
201,Touching the Void,Adventure|Documentary,2005
202,9th Company,Action|Drama|War,2011
203,Tai Chi Zero,Action|Fantasy|Sci-Fi|IMAX,1995
204,Lucky Number Slevin,Crime|Drama|Mystery,2008
205,Spring,Horror|Romance|Sci-Fi,2012
206,"Devil Commands, The",Horror|Sci-Fi,1970
207,Visions of Light: The Art of Cinematography,Documentary,2009
208,Into the Forest of Fireflies' Light,Animation|Drama|Fantasy,2010
209,Kanak Attack,Drama,1993
210,Gozu (Gokudô kyôfu dai-gekijô: Gozu),Comedy|Crime|Drama|Horror|Mystery,1994
211,"Dove, The",Drama|Romance,2007
212,Mickey's Twice Upon a Christmas,Animation|Children|Comedy,2010
213,Ice Age: A Mammoth Christmas,Adventure|Animation|Children,2008
214,Smokers Only (Vagón Fumador),Drama|Romance,2007
215,Kronos,Sci-Fi,1993
216,"Rumble in the Air-Conditioned Auditorium: O'Reilly vs. Stewart 2012, The",Comedy,1997
217,Kirikou and the Wild Beast (Kirikou et les bêtes sauvages),Adventure|Animation|Children,2004
218,"Living Ghost, The",Comedy|Horror|Mystery|Thriller,2004
219,John Mulaney: New In Town,Comedy,1995
220,Peep World,Comedy,2009
221,Survival of the Dead,Horror,1987
222,Gridiron Gang,Drama,1990
223,Dracula: Prince of Darkness,Horror|Mystery,2004
224,Titanic,Action|Drama|Romance,2007
225,My Way,Drama,1992
226,Alive,Action|Drama|Horror|Sci-Fi|Thriller,2004
227,Antares,Drama,1996
228,Executive Decision,Action|Adventure|Thriller,1971
229,"Namesake, The",Drama|Romance,2007
230,True Stories,Comedy|Musical,1997
231,"Rites of May, The (Itim) ",Drama|Horror|Thriller,1986
232,Pure Country,Drama|Musical|Romance,1987
233,"Kautokeino Rebellion, The (Kautokeino-opprøret)",Drama,2012
234,Smiley Face,Comedy,2002
235,"Swordsman II (Legend of the Swordsman, The) (Xiao ao jiang hu zhi: Dong Fang Bu Bai)",Action|Fantasy,1997
236,Nightmare Factory,Documentary,2007
237,"Dead Man and Being Happy, The (El muerto y ser feliz)",Drama,1996
238,Stevie,Documentary,1995
239,Smokers Only (Vagón Fumador),Drama|Romance,2008
240,"Ghostmaker, The (Box of Shadows)",Horror|Sci-Fi|Thriller,2006
241,Scott Walker: 30 Century Man,Documentary|Musical,2011
242,Life of Pi,Adventure|Drama|IMAX,2005
243,Randy Rides Alone,Western,2010
244,Tenderness,Crime|Drama|Thriller,1993
245,Zatoichi Meets the One-Armed Swordsman (Shin zatô Ichi: Yabure! Tôjin-ken) (Zatôichi 22),Action|Adventure|Drama,1984
246,Devils on the Doorstep (Guizi lai le),Drama|War,1966
247,Barefoot (Barfuss),Comedy|Drama|Romance,2004
248,Stormheart,Children|Drama,2001
249,"Soldier's Tale, A",Drama|Romance|War,1992
250,Sel8nne,Documentary,2002
251,"Girl Next Door, The",Documentary,2004
252,"Abominable Dr. Phibes, The",Horror|Mystery,1998
253,Power/Rangers,Action|Adventure|Sci-Fi,1992
254,It's All Gone Pete Tong,Comedy|Drama|Musical,2005
255,Mac & Devin Go to High School,Comedy,1988
256,Taboo (Gohatto),Drama,2008
257,Swing,Comedy|Drama|Musical,1994
258,Anne of Green Gables,Children|Comedy|Drama,2001
259,"Girl From Paris, A (hirondelle a fait le printemps, Une)",Comedy|Drama,1990
260,"Manchurian Candidate, The",Crime|Thriller|War,2009
261,Robinson Crusoe (Daniel Defoe's Robinson Crusoe),Adventure|Drama,2007
262,Eyes Wide Open (Einayim Petukhoth),Drama,2010
263,Never Forever,Drama|Romance,2008
264,13 Tzameti,Film-Noir|Thriller,1966
265,Confessions (Kokuhaku),Drama|Horror,2007
266,Fathom,Adventure,2000
267,100 Feet,Horror|Thriller,1992
268,Sunrise at Campobello,Drama,1998
269,"Red Chapel, The (Røde kapel, Det)",Comedy|Documentary,1994
270,"Bonaerense, El",Action|Drama,1993
271,Can't Hardly Wait,Comedy|Drama|Romance,2012
272,Valentin (Valentín),Drama,2008
273,13/13/13,Horror,1993
274,Scanners III: The Takeover (Scanner Force),Action|Horror|Sci-Fi,1997
275,Mondo Cane,Documentary,2002
276,Jack Reacher,Action|Crime|Thriller,2001
277,Adventures of Don Juan,Adventure|Romance,2005
278,Red Lights (Feux rouges),Drama,1984
279,Modigliani,Drama,1989
280,St. Ives,Crime|Mystery|Thriller,2007
281,Dragon Ball Z the Movie: The Tree of Might (Doragon bôru Z 3: Chikyû marugoto chô kessen),Action|Adventure|Animation|Sci-Fi,2007
282,"Last of the Mohicans, The",Action|Romance|War|Western,1991
283,Hider in the House,Horror|Thriller,1986
284,"Murder, He Says",Comedy,2010
285,"Masquerade (Gwanghai, Wangyidoen namja)",Drama,1999
286,"Seventh Seal, The (Sjunde inseglet, Det)",Drama,1991
287,Girls in Prison,Crime|Drama|Thriller,1996
288,Hurry Sundown,Drama,2007
289,Four Sons,Drama,1976
290,"Koruto wa ore no pasupooto (Colt Is My Passport, A)",Action|Crime|Drama,2007
291,"Souler Opposite, The",Comedy|Romance,1965
292,First Daughter,Comedy|Romance,1993
293,"Thick-Walled Room, The (Kabe atsuki heya)",Drama|War,1993
294,Perils of the Sentimental Swordsman,Action|Adventure|Fantasy,2005
295,New World (Shin-sae-gye),Thriller,1992
296,Aliens,Action|Adventure|Horror|Sci-Fi,1992
297,Not One Less (Yi ge dou bu neng shao),Drama,2004
298,Black Book (Zwartboek),Drama|Thriller|War,2007
299,Felon,Crime|Drama,1967
300,"Prowler, The (a.k.a. Rosemary's Killer) (a.k.a. The Graduation)",Horror,1993
301,Quai des Orfèvres (Jenny Lamour),Crime|Drama,1995
302,"Hollywood Revue of 1929, The",Musical,1992
303,Mother Lode,Adventure,2006
304,Hara-Kiri: Death of a Samurai,Drama,1997
305,"Rise of Catherine the Great, The",Drama,2011
306,"Serious Man, A",Comedy|Drama,2003
307,Verboten!,Action|Romance|War,2006
308,Starred Up,Drama,2005
309,Green Fire,Adventure|Drama,2010
310,Red Chapel (Røde kapel),Comedy|Documentary,2009
311,Back to Bataan,Drama|War,1987
312,Children of the Revolution,Comedy,2002
313,Fellini's Roma (Roma),Drama,2007
314,Family Resemblances (Un air de famille),Comedy,2005
315,Drive-In Horrorshow,Horror,2005
316,"Trials of Henry Kissinger, The",Documentary,2009
317,Naked Blood: Megyaku (Nekeddo burâddo: Megyaku),Horror,2008
318,Down and Derby,Children|Comedy,2002
319,Platform (Zhantai),Drama,2002
320,"War Is Over, The (Guerre est finie, La)",Drama,2001
321,Charlie Chan in Shanghai,Comedy|Crime|Mystery|Thriller,2011
322,Life of Pi,Adventure|Drama|IMAX,1990
323,"Pointe-Courte, La",Drama,2011
324,Danika,Drama|Horror|Thriller,2004
325,"Riddle of the Sands, The",Adventure|Drama|Thriller,1996
326,King Leopold's Ghost,Documentary,1998
327,Life Is What You Make It (Linha de Passe),Drama,1991
328,God Is Brazilian (Deus É Brasileiro),Adventure|Comedy|Fantasy,1994
329,The Menacing Eye,(no genres listed),2009
330,"Rose, The",Drama,1983
331,Blackrock,Drama|Thriller,1994
332,Beastmaster 2: Through the Portal of Time,Action|Adventure|Fantasy|Sci-Fi,2008
333,Golem,Drama|Mystery|Sci-Fi,1991
334,John Wick,Action|Thriller,1993
335,Disturbia,Drama|Thriller,1996
336,Charlie Chan in City in Darkness,Drama|Mystery|Thriller,2003
337,"World's Greatest Lover, The",Comedy,1993
338,Vääpeli Körmy ja kahtesti laukeava,Comedy|War,1999
339,"All Blossoms Again: Pedro Costa, Director (Tout refleurit: Pedro Costa, cinéaste)",Documentary,1993
340,Canyon Passage,Action|Romance|Western,2008
341,Vuonna 85,Comedy,2006
342,Limelight,Comedy|Drama|Romance,1987
343,Two Sisters from Boston,Comedy|Musical,1984
344,Rovaniemen markkinoilla,Comedy|Musical,2012
345,"Frogmen, The",Adventure|Drama|War,2000
346,Estomago: A Gastronomic Story,Drama,1999
347,"Pain in the Ass, A (L'emmerdeur)",Comedy,1995
348,Cargo,Action|Drama|Fantasy|Horror,2006
349,Spooky House,Children,2001
350,Date with an Angel,Comedy|Fantasy|Romance,2010
351,Practical Magic,Drama|Fantasy|Mystery|Romance,1985
352,"Jungle Book, The",Animation|Children|Comedy|Musical,1994
353,Rebellion (L'ordre et la morale),Action|Drama,1998
354,Gagarin: First in Space,Drama|Sci-Fi,1997
355,Are You Listening?,Drama,2002
356,"Holy Man, The (Mahapurush)",Comedy,2009
357,"Doom Generation, The",Comedy|Crime|Drama,2011
358,Magic in the Water,Adventure|Children|Fantasy,2012
359,Tom Jones,Adventure|Comedy|Romance,1997
360,Identity Thief,Comedy|Crime,2004
361,Songs My Brothers Taught Me,Drama,2002
362,King Kong Lives,Adventure|Sci-Fi,2008
363,Kestrel's Eye (Falkens öga),Documentary,1993
364,Little Giants,Children|Comedy,2007
365,"Fallen, The",Action|Drama|War,2008
366,Shadow Kill,Drama,1994
367,"Smiling Madame Beudet, The (La souriante Madame Beudet)",Drama,2005
368,Ondine,Drama|Fantasy|Romance,1974
369,"Stickup, The",Action|Crime|Mystery,1990
370,Patton Oswalt: Finest Hour,Comedy,2001
371,And Soon the Darkness,Mystery|Thriller,2008
372,Ashes of Time (Dung che sai duk),Drama,2002
373,Romancing the Stone,Action|Adventure|Comedy|Romance,2011
374,Ignition,Action|Drama,1995
375,"Comedy of Terrors, The",Comedy|Horror,2005
376,Rock School,Documentary,2009
377,Stakeout on Dope Street,Crime|Drama,2003
378,Doomwatch,Mystery|Sci-Fi|Thriller,1998
379,Repatriation,Documentary,2005
380,Three Fugitives,Action|Comedy,2011
381,Undefeated,Documentary,2005
382,"Wings of Eagles, The",Drama|War,2010
383,Maze,Romance,2002
384,"Garden of Allah, The",Drama,2003
385,Changeling,Crime|Drama|Mystery,2004
386,Four Heads Are Better Than One (Un homme de tête),Fantasy,2005
387,"What's Up, Scarlet?",Comedy|Romance,1970
388,"Girl From Paris, A (hirondelle a fait le printemps, Une)",Comedy|Drama,2004
389,Camp Nowhere,Adventure|Children|Comedy,2006
390,Midnight Express,Drama,2009
391,"Green Butchers, The (Grønne slagtere, De)",Comedy|Crime|Drama|Romance,1984
392,Return with Honor,Documentary,1991
393,White Christmas,Comedy|Musical|Romance,2001
394,Breaking the Maya Code,Documentary,2000
395,Everybody Wins,Drama|Mystery|Thriller,2011
396,At the Earth's Core,Adventure|Sci-Fi,1997
397,What's Love Got to Do with It?,Drama|Musical,2005
398,Shoah,Documentary|War,2010
399,Hitman Hart: Wrestling with Shadows,Documentary,1992
400,Heartbeat,Comedy,2003
401,Same Same But Different,Drama|Romance,1999
402,Donnie Darko,Drama|Mystery|Sci-Fi|Thriller,2005
403,"Age of Stupid, The",Documentary,2004
404,Pittsburgh,Drama,1993
405,20 Feet from Stardom (Twenty Feet from Stardom),Documentary,2004
406,Untamed Youth,Drama,2013
407,Shanghai,Drama|Mystery|Romance,1995
408,Home Fries,Comedy|Romance,1999
409,"Honey, I Shrunk the Kids",Adventure|Children|Comedy|Fantasy|Sci-Fi,1997
410,"Pornographer, The (Le pornographe)",Drama,1997
411,"Englishman in New York, An",Drama,1994
412,Zoolander,Comedy,2008
413,Death at a Funeral,Comedy,2002
414,Disneyland Dream,Documentary,1989
415,Divine Horsemen: The Living Gods of Haiti,Documentary,1995
416,Stealing Harvard,Comedy|Crime,1995
417,1939: Hollywood's Greatest Year,Documentary,2010
418,"Bridge, The",Documentary,1993
419,From the Life of the Marionettes (Aus dem Leben der Marionetten) ,Drama,2012
420,"Fuck You, Goethe (Fack Ju Göhte)",Comedy,2001
421,Ride,Drama,2009
422,In Like Flint,Action|Adventure|Comedy,1998
423,"In Crowd, The",Thriller,2006
424,Quatre garçons pleins d'avenir,Comedy,2007
425,"Heroes of Telemark, The ",Action|Drama|War,2011
426,Miss Meadows,Drama,1993
427,By the People: The Election of Barack Obama,Documentary,2006
428,Austin Powers: The Spy Who Shagged Me,Action|Adventure|Comedy,2005
429,"10,000 BC",Adventure|Romance|Thriller,2009
430,My Love Has Been Burning (Waga koi wa moenu),Drama,1997
431,Mystics in Bali (Leák),Fantasy|Horror|Thriller,1985
432,Corky Romano,Comedy|Crime,1996
433,Everyone Says I Love You,Comedy|Musical|Romance,1984
434,Daniel,Drama,1993
435,Phantasm IV: Oblivion,Horror,1981
436,Americathon,Comedy|Sci-Fi,2006
437,Lightning in a Bottle,Documentary,2008
438,Broken English,Comedy|Drama|Romance,2002
439,Suicide Killers,Documentary,1981
440,"Ladykillers, The",Comedy|Crime,1983
441,"Marshland (Isla mínima, La)",Action|Crime,2002
442,"39 Steps, The",Drama|Mystery|Thriller,1988
443,Fantastic Four,Action|Adventure|Sci-Fi,2011
444,Where the Wild Things Are,Adventure|Children|Drama|Fantasy|IMAX,1994
445,"Hill, The",Drama|War,2000
446,Bravo Two Zero ,Adventure|Thriller|War,1991
447,Must Read After My Death,Documentary,1998
448,"Die Bademeister – Weiber, saufen, Leben retten",Comedy,1995
449,Stonewall,Drama,1995
450,"Heroic Ones, The (Shi san tai bao)",Action|Drama,2009
451,The Forgotten Faces,(no genres listed),1994
452,No Small Affair,Comedy|Romance,2011
453,Disraeli,Drama,2004
454,Autopsy,Horror,2004
455,Jury Duty,Comedy,1995
456,"Bolero (Uns et les autres, Les)",Drama|War,2011
457,Let's Scare Jessica to Death,Horror|Mystery,1998
458,"Life Before Her Eyes, The",Drama|Thriller,2001
459,Mortadelo & Filemon: The Big Adventure (La gran aventura de Mortadelo y Filemón),Action|Adventure|Comedy,2000
460,"Adventures of Rocky and Bullwinkle, The",Adventure|Animation|Children|Comedy|Fantasy,2007
461,Three Smart Girls,Comedy|Musical|Romance,1999
462,Captain Corelli's Mandolin,Drama|Romance|War,2006
463,Let's Make Love,Comedy|Musical|Romance,2008
464,"Witchfinder General (Conquerer Worm, The)",Horror,2010
465,Ann Carver's Profession,Drama,1997
466,The Land Before Time IX: Journey to the Big Water,Adventure|Animation|Children,2000
467,La dama boba,Comedy,2011
468,Blue Like Jazz,Comedy|Drama,1999
469,My Grandfather's People (Dedemin insanlari),Comedy|Drama,1998
470,Endgame: Blueprint for Global Enslavement,Documentary,2001
471,Eight Iron Men,Drama|War,2007
472,Flatliners,Horror|Sci-Fi|Thriller,1994
473,Operator 13,Drama|Romance|War,2004
474,Tekkonkinkreet (Tekkon kinkurîto),Action|Adventure|Animation|Crime|Fantasy,1999
475,Roman Polanski: Wanted and Desired,Documentary,2006
476,Written on the Wind,Drama,2011
477,Cold Trail (Köld slóð),Drama|Mystery|Thriller,2006
478,Semi-Tough,Comedy,2003
479,Mass Appeal,Drama,2008
480,"Sea Hawk, The",Action|Adventure|Romance,2004
481,"Nut Job, The",Adventure|Animation|Children|Comedy,1990
482,"Foot Fist Way, The",Comedy,1994
483,Immaculate Conception of Little Dizzle,Comedy,1981
484,Octopussy,Action|Adventure|Thriller,1999
485,Ishaqzaade,Action|Drama|Romance,1993
486,Broken,Horror|Thriller,2009
487,She Monkeys,Drama,2010
488,"Largo Winch (Heir Apparent: Largo Winch, The)",Adventure|Thriller,2005
489,Klute,Drama|Mystery,2002
490,Trilogy of Terror II,Horror,2007
491,Best Worst Movie,Documentary,2004
492,"White Sound, The (Das weiße Rauschen)",Drama,2003
493,"Space Movie, The",Documentary,2012
494,Edge of Darkness,Drama|War,2009
495,Sarah's Key (Elle s'appelait Sarah),Drama,2012
496,Station West,Action|Mystery|Romance|Western,2009
497,Devil in the Flesh,Drama|Romance,2005
498,"Physician, The",Adventure|Drama,1994
499,Bounce: Behind the Velvet Rope,Documentary,1991
500,Mezzo Forte,Action|Animation|Comedy,2000
501,"Fortune, The",Comedy|Crime|Romance,1994
502,No Reservations,Comedy|Drama|Romance,1964
503,"Mattei Affair, The (Il caso Mattei)",Crime|Drama|Mystery,1992
504,One Crazy Summer,Comedy,2003
505,"Lacemaker, The (Dentellière, La)",Drama|Romance,1991
506,Familiar Ground,Comedy,2005
507,Going Berserk,Comedy,1994
508,Utamaro and His Five Women (Utamaro o meguru gonin no onna),Drama,2005
509,Clueless,Comedy|Romance,2011
510,California Conquest,Adventure|Romance|Western,2004
511,Girl of Finland (Lapualaismorsian),Drama,2007
512,Blackbird,Animation,2011
513,Operation Ganymed,Sci-Fi,1999
514,Bedtime Story,Comedy,2013
515,"Last Blitzkrieg, The",Drama|War,1988
516,Bolt,Action|Adventure|Animation|Children|Comedy,1994
517,Lips of Blood (Lèvres de sang),Horror,1995
518,"Bedroom Window, The",Thriller,2006
519,Colossus: The Forbin Project,Sci-Fi|Thriller,1995
520,Ice Men,Drama,2003
521,While the City Sleeps,Drama|Film-Noir,1994
522,Jackass Presents: Bad Grandpa,Comedy,1986
523,"Astronaut Farmer, The",Drama,2003
524,"Cry, the Beloved Country",Drama,2012
525,Road Hard,Comedy,2008
526,"Silent Night, Deadly Night Part 2",Comedy|Horror,1993
527,Babe: Pig in the City,Adventure|Children|Drama,2007
528,Grumpy Old Men,Comedy,2002
529,"Common Man, A",Action|Thriller,2002
530,"Edison, the Man",Drama,1961
531,Arc,Drama|Mystery|Thriller,1998
532,Dream Demon,Horror,2002
533,And While We Were Here,Drama,2010
534,Modris,Drama,1999
535,"Bill Cosby, Himself",Comedy|Documentary,2007
536,"Drowning Pool, The",Mystery|Thriller,2011
537,Cannery Row,Drama,1997
538,Restless,Drama,2010
539,"Royal Tenenbaums, The",Comedy|Drama,1972
540,Lovers of Hate,Comedy,2001
541,Russia's Toughest Prisons (National Geographic),Documentary,2012
542,Santa's Apprentice,Animation|Children,1997
543,"Scarlet Letter, The",Drama|Romance,1991
544,Adrift (À Deriva),Drama,2004
545,Napoleon,Adventure|Children,1995
546,Chicago Massacre: Richard Speck,Crime|Drama|Thriller,2000
547,"Eye of the Storm, The",Drama,1998
548,Underworld,Comedy|Thriller,1991
549,Mr. Popper's Penguins,Comedy,2008
550,Jimi Hendrix: Hear My Train A Comin',Documentary,1990
551,No Such Thing,Drama|Fantasy|Romance,2011
552,I'm Reed Fish,Comedy|Drama|Romance,1992
553,"Pretty Village, Pretty Flame (Lepa sela lepo gore)",Drama|War,1993
554,Red Doors,Comedy|Drama,1994
555,"Hitcher, The",Action|Thriller,1988
556,Stop at Nothing: The Lance Armstrong Story,Documentary|Thriller,2009
557,Shrek the Halls,Adventure|Animation|Comedy|Fantasy,1994
558,Reunion in France,Drama|Romance|War,1996
559,Snow Queen,Adventure|Children|Fantasy,1988
560,"Reckoning, The",Drama,2011
561,The Land Before Time X: The Great Longneck Migration,Adventure|Animation|Children,1999
562,Stone of Destiny,Adventure|Comedy|Crime|Drama,2008
563,Filming 'Othello',Documentary,2008
564,"Greatest, The",Drama,2007
565,"Party, The (Boum, La)",Comedy|Romance,1987
566,Attila (Attila Flagello di Dio),Action,2013
567,Mutant Aliens,Animation|Comedy|Sci-Fi,2003
568,"Night of the Hunted, The (Nuit des traquées, La)",Horror|Sci-Fi,2011
569,Metsän tarina,Documentary,2001
570,Carnal Knowledge,Comedy|Drama,2007
571,"Three Musketeers, The",Action|Adventure|Comedy,2000
572,Nausicaä of the Valley of the Wind (Kaze no tani no Naushika),Adventure|Animation|Drama|Fantasy|Sci-Fi,1985
573,I Could Go on Singing,Drama|Musical,2008
574,Requiem for a Heavyweight,Drama,2006
575,"Incredibles, The",Action|Adventure|Animation|Children|Comedy,1997
576,Wonderful and Loved by All (Underbar och älskad av alla),Comedy,1984
577,Beverly Hills Ninja,Action|Comedy,2011
578,Hop,Animation|Children|Comedy,1994
579,Love and Pain and the Whole Damn Thing,Comedy|Drama,2006
580,36 Hours,Thriller|War,2007
581,Dark Water (Honogurai mizu no soko kara),Drama|Horror|Mystery|Thriller,2010
582,Big Animal (Duze zwierze),Comedy|Drama,2002
583,On Borrowed Time,Comedy|Drama|Fantasy,1993
584,Once in the Life,Crime|Drama,2008
585,Four Ways Out,Crime|Drama,2011
586,Miracle in Milan (Miracolo a Milano),Comedy|Drama|Fantasy,2002
587,"Reader, The",Drama|Romance,1996
588,Nightcap (Merci pour le chocolat),Crime|Thriller,1998
589,G. I. Blues,Comedy|Musical|Romance,1994
590,"Luck, Trust & Ketchup: Robert Altman in Carver Country",Documentary,2005
591,"Disappearance of Haruhi Suzumiya, The (Suzumiya Haruhi no shôshitsu)",Adventure|Animation|Drama|Mystery|Sci-Fi,1992
592,Ulzana's Raid,Adventure|Western,2006
593,Stag Night,Horror|Thriller,1992
594,CrissCross,Drama,2001
595,Little Fish,Crime|Drama|Romance|Thriller,2001
596,Fantasy Mission Force (Mi ni te gong dui),Action|Adventure|Comedy|Crime|Thriller|War,2011
597,Why Be Good?,Comedy|Romance,1994
598,"Disappearance of Eleanor Rigby: Them, The",Drama,1999
599,Divorce - Italian Style (Divorzio all'italiana),Comedy,2006
600,"World's Greatest Athlete, The",Comedy|Romance,2008
601,La discrète,Drama|Romance,2005
602,Ivans xtc.,Drama,1994
603,In Passing,Drama|Fantasy|Mystery,1987
604,"Killer, The (Die xue shuang xiong)",Action|Crime|Drama|Thriller,1994
605,Welfare,Documentary,2003
606,Mortal Kombat: Annihilation,Action|Adventure|Fantasy,2002
607,Side Street,Crime|Drama|Film-Noir,1969
608,The Four Feathers,Adventure|Drama|Romance|War,2009
609,Fred: The Movie,Comedy,2007
610,Dark City,Adventure|Film-Noir|Sci-Fi|Thriller,2011
611,Quest for a Heart (Röllin sydän),Adventure|Animation|Children|Fantasy|Musical,2007
612,Gitarrmongot,Drama,2001
613,One Million B.C.,Adventure|Fantasy|Romance|Sci-Fi,2004
614,Don't Tempt Me (Sin noticias de Dios),Comedy|Fantasy|Mystery,2009
615,Ship of Fools,Drama,1993
616,"Mist, The",Horror|Sci-Fi,1988
617,Howl,Drama,1998
618,Get on the Bus,Drama,2009
619,Michael,Drama,2010
620,"Good Man in Africa, A",Action|Adventure,2010
621,Rage of Angels: The Story Continues,Drama,2009
622,Men in Black (a.k.a. MIB),Action|Comedy|Sci-Fi,1992
623,"White Angel, The (L'angelo bianco)",Drama,1987
624,Waitress,Comedy|Drama|Romance,1995
625,People in Places,Comedy|Drama,2008
626,"Limey, The",Crime|Drama|Thriller,2010
627,The Incite Mill - 7 Day Death Game,Horror|Mystery|Thriller,1994
628,Crippled Masters (Tian can di que),Action|Drama,1989
629,"Unholy Wife, The",Crime|Drama,2013
630,Love Ranch,Comedy|Drama|Romance,2004
631,It Rains in My Village (Bice skoro propast sveta),Drama,2001
632,Roseland,Drama|Musical|Romance,2012
633,Floating,Drama,2013
634,Mannequin,Drama,2003
635,Amreeka,Drama,1998
636,Godzilla vs. Megalon (Gojira tai Megaro),Action|Sci-Fi,2003
637,Stakeout on Dope Street,Crime|Drama,2009
638,Something the Lord Made,Drama,1997
639,"Brothers McMullen, The",Comedy,1997
640,Fruitcake,Comedy,2006
641,Free Zone,Drama|War,2001
642,Trance,Horror,2011
643,Jack the Giant Slayer,Adventure|Fantasy|IMAX,1994
644,Tales of Terror (Kaidan Shin Mimibukuro),Horror,2000
645,Bopha!,Drama,2006
646,Strangers in Good Company,Drama,2012
647,Hands on a Hard Body,Comedy|Documentary,2003
648,"Wedding Photographer, The (Bröllopsfotografen)",Comedy|Drama|Romance,1997
649,100 Girls,Comedy|Romance,2009
650,Stuck on You,Comedy,2009
651,"Autobiography of Miss Jane Pittman, The",Drama,1996
652,Care Bears Movie II: A New Generation,Animation|Children,1999
653,Cool World,Animation|Comedy|Fantasy,1995
654,"Moon-Spinners, The",Children|Mystery,1999
655,"Miracle of Marcelino, The (Marcelino pan y vino)",Comedy|Drama,2010
656,Alvarez Kelly,Western,1992
657,The Dark Knight,Action|Crime|Drama|Thriller,2012
658,Days of Grace (Días de gracia) ,Thriller,1993
659,Shepard & Dark,Documentary,1985
660,"Return of Martin Guerre, The (Retour de Martin Guerre, Le)",Drama,2004
661,Spun,Comedy|Crime|Drama,2000
662,Paprika (Papurika),Animation|Mystery|Sci-Fi,1998
663,Happy Together (a.k.a. Buenos Aires Affair) (Chun gwong cha sit),Drama|Romance,2005
664,"Blacksmith, The",Comedy,2008
665,Scott Joplin,Drama,2001
666,Snapshot,Drama|Horror|Thriller,1993
667,America the Beautiful ,Documentary,1988
668,My Super Ex-Girlfriend,Comedy|Fantasy|Romance,2006
669,"Herod's Law (Ley de Herodes, La)",Comedy|Crime|Mystery,2003
670,The Man Who Played God,Drama|Romance,1990
671,Death Rides a Horse (Da uomo a uomo),Action|Western,1998
672,Tom and Jerry: A Nutcracker Tale,Animation|Comedy,2006
673,"Delphine 1, Yvan 0",Comedy,2006
674,16 Years of Alcohol,Drama,1992
675,Ball of Fire,Comedy|Romance,2008
676,"Money Money Money (L'aventure, c'est l'aventure)",Adventure|Comedy,2011
677,"Confiance règne, La",Comedy,2007
678,Double Happiness,Drama,2011
679,Movie Movie,Comedy|Musical,2008
680,"Great Texas Dynamite Chase, The",Action|Comedy|Crime|Drama|Romance,1995
681,When the Bough Breaks,Drama|Thriller,2005
682,Little Nemo: Adventures in Slumberland,Adventure|Animation|Children|Drama|Fantasy,1996
683,One Wonderful Sunday (Subarashiki nichiyobi),Drama|Romance,2002
684,"Sound and the Fury, The",Drama|Romance,2005
685,Grumpy Old Men,Comedy,2001
686,"Heavenly Body, The",Comedy|Romance,2009
687,Beyond the Mind's Eye,Animation|Comedy,1995
688,Dead Silent,Thriller,2009
689,Rat,Comedy|Drama|Romance,2007
690,Open Season,Comedy,1998
691,Big Stan,Comedy,2005
692,"Rewrite, The",Comedy|Romance,2002
693,"Wreck of the Mary Deare, The",Drama|Thriller,1997
694,"Shoes of the Fisherman, The",Drama,2012
695,Werner - Volles Rooäää,Animation|Comedy,1996
696,"Objective, Burma!",War,2003
697,"Proposal, The",Comedy|Romance,1979
698,"Coca-Cola Kid, The",Comedy|Romance,1992
699,"Snowtown (Snowtown Murders, The)",Crime|Drama|Thriller,1984
700,Remember Sunday,Drama|Romance,2005
701,Samson & Sally,Animation|Children|Romance,2001
702,Zerophilia,Comedy|Romance,2009
703,"Nightmare on Elm Street, A",Horror|Thriller,1996
704,Holy Rollers,Crime|Drama,2006
705,American Teen,Documentary,1997
706,"City, The (Ciudad, La)",Drama,1967
707,The Gift of Love,Drama|Romance,2000
708,Bang the Drum Slowly,Drama,2007
709,Before Your Eyes (Min Dit: The Children of Diyarbakir),Drama,2006
710,Pizzas,Drama,2000
711,Shriek If You Know What I Did Last Friday the Thirteenth,Comedy|Horror,1994
712,Pride and Prejudice,Comedy|Drama|Romance,1986
713,"Pool, The (Swimming Pool - Der Tod feiert mit) ",Horror|Thriller,2007
714,"Countess from Hong Kong, A",Comedy,1999
715,Hot Fuzz,Action|Comedy|Crime|Mystery,1996
716,"Truth About Cats & Dogs, The",Comedy|Romance,1999
717,"Padrecito, El (Little Priest)",Comedy|Drama,2008
718,"Final Darkness, The (Buio Omega)",Horror,2010
719,Five and Ten,Romance,2009
720,"John Huston: The Man, the Movies, the Maverick",Documentary,2012
721,"Las Vegas Story, The",Crime|Drama|Film-Noir,2001
722,Frances Ha,Comedy|Drama,2006
723,Deserter (Dezertir),Drama,2004
724,Little Dorrit,Drama|Romance,2009
725,Frozen Fever,Adventure|Animation,2010
726,"China 9, Liberty 37 (Amore, piombo e furore)",Western,2009
727,Death Note 2: The Last Name,Adventure|Crime|Drama,1994
728,Drumline,Comedy|Drama|Musical|Romance,1994
729,Thumbsucker,Comedy|Drama,2003
730,High Hopes,Comedy,2002
731,"Harvest: 3,000 Years (Mirt Sost Shi Amit)",Drama,2002
732,Bill Hicks: Relentless,Comedy,2010
733,Five Dedicated to Ozu,Documentary,1995
734,Find Love,Romance,1961
735,"Iceman Cometh, The",Drama,1987
736,Titanic,Action|Drama,1993
737,Crazy as Hell,Drama,2012
738,"Quarry, The",Drama,1992
739,Cosi,Comedy,2009
740,Slam,Drama,1991
741,Désiré,(no genres listed),2009
742,Frankenstein and the Monster from Hell,Horror,1994
743,"Ramen Girl, The",Comedy|Drama|Romance,2006
744,"Beautiful Life, A",Drama,2002
745,"Circle, The (Dayereh)",Drama,2010
746,Clash of the Titans,Action|Adventure|Fantasy|Romance,1995
747,Hello Ladies: The Movie,Comedy,1995
748,Dark Woods (Villmark),Adventure|Horror|Mystery|Thriller,2002
749,Heaven and Earth (Ten to Chi to),Action|Adventure|Drama|War,1998
750,"Samaritan, The",Drama|Thriller,1999
751,Tyler Perry's A Madea Christmas,Comedy,2005
752,Letter Never Sent (Neotpravlennoye pismo),Drama|Romance,1999
753,"Bitter Tea of General Yen, The",Drama|Romance|War,1991
754,Alfie,Comedy|Drama|Romance,2004
755,Abraham Lincoln: Vampire Hunter,Action|Fantasy|Horror|Thriller,2005
756,Prospero's Books,Drama|Fantasy,2012
757,"House of Branching Love, The (Haarautuvan rakkauden talo)",Comedy|Drama,2009
758,Lucifer Rising,Fantasy,1994
759,Somebody is Waiting,Drama,1988
760,Birth,Drama|Mystery,2010
761,Love at First Fight,Comedy|Romance,1985
762,Underground: The Julian Assange Story,Drama,2005
763,Alien from L.A.,Sci-Fi,1988
764,Step Up 2 the Streets,Drama|Musical|Romance,2009
765,Old San Francisco,Drama|Romance,2003
766,"Monkey's Teeth (Dents du singe, Les)",Animation,1989
767,"Come Back, Little Sheba",Drama,2010
768,Little Big Soldier (Da bing xiao jiang),Action|Adventure|Comedy|Drama|War,2011
769,Lady Terminator (Pembalasan ratu pantai selatan),Action|Adventure|Horror|Sci-Fi|Thriller,1968
770,Gone Nutty,Animation|Comedy,2003
771,Interview,Drama,1999
772,Kika,Comedy|Drama,1985
773,"Noordzee, Texas (North Sea Texas)",Drama,1987
774,Traffic (Trafic),Comedy,1994
775,Brightness (Yeelen),Fantasy,1991
776,"War You Don't See, The",Documentary,1991
777,Dinner for Schmucks,Comedy,1995
778,I Shot Jesse James,Drama|Romance|Western,2001
779,Winds of the Wasteland,Western,1967
780,"Cat and the Canary, The",Horror|Mystery,1999
781,Harry Potter and the Deathly Hallows: Part 2,Action|Adventure|Drama|Fantasy|Mystery|IMAX,1999
782,Brenda Starr,Adventure,1999
783,Ticker,Action|Crime|Thriller,2011
784,Let's Not Get Angry (Ne nous fâchons pas),Comedy|Crime,2007
785,Never Been Kissed,Comedy|Romance,2010
786,Paul Blart: Mall Cop,Action|Comedy|Crime,1997
787,Princess Ka'iulani,Drama|Romance,1995
788,Deathwatch,Drama|Horror|Thriller|War,2002
789,"Captain's Paradise, The",Comedy,2008
790,Picking Up the Pieces,Comedy|Fantasy,1995
791,"Cave of the Yellow Dog, The",Drama,2011
792,Raiders of the Lost Ark (Indiana Jones and the Raiders of the Lost Ark),Action|Adventure,2008
793,Paradise,Romance,1988
794,Scanners II: The New Order,Action|Horror|Sci-Fi,2003
795,Big Bad Wolves,Crime|Thriller,2010
796,Mata Hari,Drama|Romance,2012
797,Happy,Documentary|Drama,1998
798,Blood and Roses (Et mourir de plaisir) (To Die with Pleasure),Horror,1996
799,"Expendables 2, The",Action|Adventure,2011
800,"Best Years of Our Lives, The",Drama|War,1998
801,Dirigible,Adventure,2009
802,"Caveman's Valentine, The",Drama,1993
803,Jesus,Drama,1988
804,"Study in Terror, A",Crime|Drama|Horror,2009
805,Birth,Drama|Mystery,1993
806,You're Gonna Miss Me,Documentary,1991
807,Destiny (a.k.a. Between Two Worlds) (Der müde Tod),Fantasy,1999
808,"Barefoot Contessa, The",Drama,1998
809,"Last Real Men, The (Die letzten Männer)",Documentary,1994
810,Wide Awake,Children|Comedy|Drama,2003
811,Daddy Nostalgia (Daddy Nostalgie),Drama,2008
812,"Jonathan Rosenbaum, Present",Documentary,2005
813,American Virgin,Comedy,2002
814,Anthony Adverse,Adventure|Romance,2004
815,The Spectacular Now,Comedy|Drama|Romance,1998
816,"Muppet Christmas Carol, The",Children|Comedy|Musical,1997
817,The Fuller Brush Girl,Comedy,2008
818,Death in Venice (Morte a Venezia),Drama|Romance,1993
819,Glorious 39,Drama|Romance|Thriller|War,2007
820,Vexille (Bekushiru: 2077 Nihon sakoku),Action|Animation|Sci-Fi,2006
821,Against All Flags,Action|Adventure|Drama|Romance,2007
822,"Thing, The",Horror|Mystery|Sci-Fi|Thriller,2000
823,Prince of the Sun: The Great Adventure of Horus (Taiyou no ouji Horusu no daibouken),Animation|Fantasy,1993
824,Trailer Park of Terror,Horror|Thriller,1989
825,Street Scene,Drama,1999
826,Wilson,Drama,2002
827,Forklift Driver Klaus: The First Day on the Job,Comedy|Horror,1997
828,Just 4 Kicks,Children,1998
829,Fantastic Flesh: The Art of Make-Up EFX,Documentary,2004
830,O Panishyros Megistanas Ton Ninja,Action|Comedy|Sci-Fi,1961
831,"Holding, The",Horror|Thriller,1997
832,"Dying Swan, The (Umirayushchii lebed)",Drama,1998
833,Sidewalks of New York,Comedy|Romance,1999
834,Les invincibles,Comedy,2012
835,Meetin' WA,Documentary,2007
836,Drop Dead Gorgeous,Comedy,2001
837,"Girl, The",Drama,1992
838,I Am Bruce Lee,Documentary,2005
839,Täynnä Tarmoa,Documentary,1968
840,Lions For Lambs,Drama|Thriller|War,1992
841,"Car 54, Where Are You?",Comedy,1993
842,"Against One Another, Virtually Friends",Comedy,2007
843,Sansa,Drama,2007
844,"Holy Mountain, The (Montaña sagrada, La)",Drama,1999
845,"Sleeping Beauty, The (La belle endormie)",Drama,2008
846,"Petrified Forest, The",Crime|Drama|Romance,1994
847,Swoon,Crime|Drama,2012
848,"Immature, The (Immaturi)",Comedy,2007
849,Ned Kelly,Action|Crime|Western,2010
850,Scary Movie 2,Comedy,1999
851,"Lifeguard, The",Comedy|Drama,2009
852,"Island of Dr. Moreau, The",Adventure|Fantasy|Horror|Romance|Sci-Fi|Thriller,2004
853,Save the Last Dance,Drama|Romance,1996
854,Zarafa,Animation,1993
855,King of the Hill,Drama,1998
856,"Corn Is Green, The",Drama,2004
857,Candles on Bay Street ,Drama,1997
858,Black River (Kuroi kawa),Drama,2007
859,ID:A,Crime|Thriller,1990
860,Killing Us Softly 3,Documentary,2002
861,Run Lola Run (Lola rennt),Action|Crime,1992
862,Conspirators of Pleasure (Spiklenci slasti),Animation|Comedy,1994
863,Breaking In,Adventure|Comedy,2009
864,Blackout,Horror|Thriller,2008
865,Alone (Issiz adam),Drama|Romance,1990
866,Art School Confidential,Comedy|Drama,1996
867,Dance of Outlaws (Häätanssi),Documentary,1995
868,Tremors II: Aftershocks,Comedy|Horror|Sci-Fi,1999
869,Last Year at Marienbad (L'Année dernière à Marienbad),Drama|Mystery|Romance,2008
870,Dark Floors,Fantasy|Horror,2008
871,Superman/Batman: Public Enemies,Action|Animation|Fantasy,1978
872,Hair,Comedy|Drama|Musical,2004
873,Non-Stop,Action|Comedy|Crime,2010
874,The Woman in Black 2: Angel of Death,Drama|Horror|Thriller,2009
875,Takva: A Man's Fear of God,Drama,2010
876,"World According to Dick Cheney, The ",Documentary,2006
877,Blood in the Mobile,Documentary,2001
878,Switchblade Sisters,Crime,2003
879,"Visiteurs du soir, Les (Devil's Envoys, The)",Drama|Fantasy|Romance,1991
880,Clandestine Childhood,Drama,2005
881,Dark Island,Action|Sci-Fi|Thriller,2007
882,Candyman,Horror|Thriller,2009
883,"Ultimate Accessory,The (100% cachemire)",Comedy,1992
884,Korso,Drama,2007
885,I Even Met Happy Gypsies (Skupljaci perja),Drama,2003
886,"Price of Milk, The",Comedy|Drama|Fantasy|Romance,2011
887,"Crazy, Stupid, Love.",Comedy|Drama|Romance,1999
888,Group Sex,Comedy,1996
889,Talk to Me,Drama,1994
890,Short Circuit 2,Comedy|Sci-Fi,2012
891,"Betrayed (True and the Brave, The)",Drama|Romance|Thriller|War,1993
892,Past Midnight,Horror|Thriller,1993
893,Sydney White,Comedy,2005
894,Carriage to Vienna,Drama|War,2012
895,"Ketchup Effect, The (Hip Hip Hora!)",Drama,1994
896,Medora,Documentary,2012
897,Catfish in Black Bean Sauce,Comedy|Drama,1998
898,"Painted Veil, The",Drama|Romance,1996
899,Last Call at the Oasis,Documentary,2006
900,"Wings of Desire (Himmel über Berlin, Der)",Drama|Fantasy|Romance,2009
901,"Infidel, The",Comedy,2009
902,Fun with Dick and Jane,Comedy,1988
903,Wagons East,Comedy|Western,2011
904,Svengali,Drama|Horror,2009
905,Telefon,Action|Crime|Thriller,2008
906,Hello Ladies: The Movie,Comedy,2008
907,Lolita,Drama|Romance,2003
908,Whiteout,Action|Crime|Drama|Mystery|Thriller,1994
909,Spanish Fly,Drama,1993
910,Cheerleader Massacre,Horror|Thriller,2013
911,"Children of Leningradsky, The",Documentary,2008
912,Skies Above the Landscape (Nebo iznad krajolika),Comedy,1992
913,Hamburger Hill,Action|Drama|War,2013
914,Heat,Comedy|Drama|Romance,2009
915,Power/Rangers,Action|Adventure|Sci-Fi,2001
916,"River Wild, The",Action|Thriller,1995
917,Jack the Giant Slayer,Adventure|Fantasy|IMAX,1983
918,One Mile Away,Documentary,1989
919,"Talk of the Town, The",Comedy|Romance|Thriller,2005
920,No Nukes,Documentary|Musical,1998
921,"Colony, The",Action|Horror|Sci-Fi|Thriller,1993
922,Johnny Eager,Crime|Drama|Film-Noir|Romance,2004
923,Sex Lives of the Potato Men,Comedy,1989
924,Evidence ,Horror|Thriller,2011
925,"Mark, The",Drama,1961
926,From the Hip,Comedy|Drama,1999
927,Trinity: Gambling for High Stakes (Odds and Evens) (Pari e dispari),Comedy|Crime,2009
928,"Patrik Age 1.5 (Patrik 1,5)",Comedy|Drama|Romance,2002
929,A Run for Your Money,Comedy,2007
930,"Thing: Terror Takes Shape, The",Documentary,2013
931,Karlsson Brothers (Bröderna Karlsson),Comedy|Drama,2011
932,Pocketful of Miracles,Comedy|Drama,2010
933,Whole,Documentary,2010
934,Zizek!,Documentary,2013
935,Poltergeist III,Horror|Thriller,1990
936,Coming Home,Drama|War,2009
937,Life After Beth,Comedy|Horror|Romance,1991
938,Killer McCoy,Drama,2009
939,Berserk,Horror|Mystery|Thriller,2009
940,Planet of the Apes,Action|Adventure|Drama|Sci-Fi,1993
941,Another Gay Movie,Comedy,2007
942,Two Crimes (Dos crímenes),Comedy|Crime|Drama,2007
943,San Francisco,Drama|Musical|Romance,2006
944,Where the Heart Is,Comedy|Drama,1998
945,Girls Gone Dead,Comedy|Horror,2006
946,Captain Horatio Hornblower R.N.,Action|Adventure|Drama|War,1984
947,Save the Tiger,Drama,2006
948,Four Minutes (Vier Minuten),Drama,1994
949,Get Shorty,Comedy|Crime|Thriller,2012
950,Mozart and the Whale,Comedy|Drama|Romance,2006
951,Biggles,Adventure|Fantasy|Sci-Fi,1994
952,Who's the Caboose?,Comedy|Documentary,1980
953,"Story of Ruth, The",Drama,2000
954,Kahaani,Crime|Drama|Thriller,1967
955,Northern Soul,Drama,1990
956,Lemon Tree,Drama,2011
957,"Weekend It Lives, The (Ax 'Em)",Horror,2007
958,Dr. Cyclops,Adventure|Horror|Sci-Fi,1995
959,Snakes and Earrings (Hebi ni piasu),Drama|Thriller,2011
960,Cold Prey II (Fritt Vilt II),Horror,2000
961,Buried,Mystery|Thriller,2005
962,Jimmy and Judy,Crime|Drama|Thriller,2008
963,Another Me,Mystery|Thriller,2003
964,Good Boy!,Children|Comedy|Sci-Fi,1999
965,"Fearless Hyena, The (Xiao quan guai zhao)",Action|Comedy,2006
966,Front of the Class,Drama,1995
967,"King's Speech, The",Drama,2010
968,Sweet Evil (L'enfance du mal),Drama,2007
969,Film ist. 7-12,Documentary,2010
970,Cold Creek Manor,Drama|Thriller,2009
971,Afro Samurai: Resurrection,Animation,2001
972,"Shock Doctrine, The",Documentary,2006
973,"J. Gang Meets Dynamite Harry, The (Jönssonligan & DynamitHarry)",Comedy|Crime,2012
974,Directed by John Ford,Documentary,2003
975,Between Two Worlds,Action|Adventure|Drama|Fantasy|Mystery,1990
976,Mighty Uke,Documentary,1996
977,Five Days One Summer,Drama,2007
978,Three Worlds (Trois mondes),Drama,1997
979,"Brothers Grimm, The",Comedy|Fantasy|Horror|Thriller,2004
980,"Mother, Jugs & Speed",Comedy,1995
981,Signs of Life (Lebenszeichen),Drama,2002
982,The Arrival of Joachim Stiller,Drama|Fantasy,1993
983,Boo to You Too! Winnie the Pooh,(no genres listed),1996
984,E.T. the Extra-Terrestrial,Children|Drama|Sci-Fi,1992
985,Bait,Action|Horror|Thriller,2009
986,"Hidden, The",Action|Horror|Sci-Fi,1997
987,"Thirst for Love, The (Ai no kawaki)",Drama,2007
988,London Paris New York,Romance,1991
989,Bully,Crime|Drama|Thriller,1999
990,Live from Baghdad,Drama|War,2001
991,The Plague of the Zombies,Horror,2006
992,Soldier,Action|Sci-Fi|War,1989
993,Bed & Breakfast: Love is a Happy Accident (Bed & Breakfast),Comedy|Romance,2008
994,Heiter bis wolkig,Comedy|Drama|Romance,1995
995,Judex,Adventure,2013
996,"Adversary, The (L'adversaire)",Crime|Drama|Mystery|Thriller,1997
997,Salla: Selling the Silence,Documentary,2008
998,Delta Farce,Action|Adventure|Comedy,1988
999,"Lonely Guy, The",Comedy,1994
1000,Regular Guys (Echte Kerle),Comedy|Romance,1994
